{"timestamp": "2021-09-20 12:09:36.476653", "explainers": ["ANCHORS 0.9", "ANCHORS 0.75", "ANCHORS 0.6", "LIME", "DLIME"], "properties": {"ANCHORS 0.9": {"name": "Anchors", "shape": "Hyperrectangle"}, "ANCHORS 0.75": {"name": "Anchors", "shape": "Hyperrectangle"}, "ANCHORS 0.6": {"name": "Anchors", "shape": "Hyperrectangle"}, "LIME": {"shape": "Exponential kernel", "name": "Lime"}, "DLIME": {"name": "DLime", "shape": "Exponential kernel"}}, "averaged_metrics": {"ANCHORS 0.9": {"coverage": 0.13864, "accuracy": 0.9825578303642647, "balance_model": 0.4174421696357352, "coverage_absolute": 3013.0, "area_relative": 0.05910364145658263, "balance_data": 0.4176548790215368, "balance_explanation": 0.4, "accuracy_global": 0.8544906683555686}, "ANCHORS 0.75": {"area_relative": 0.06410256871708118, "accuracy": 0.9828583815105227, "balance_model": 0.4171416184894774, "coverage": 0.12934, "coverage_absolute": 1747.8, "balance_data": 0.4172479731823781, "balance_explanation": 0.4, "accuracy_global": 0.8031415323177218}, "ANCHORS 0.6": {"accuracy": 0.7699782514681827, "balance_model": 0.458593177103246, "coverage_absolute": 13677.4, "balance_data": 0.45893538743097817, "accuracy_global": 0.7075800007007998, "balance_explanation": 0.4, "area_relative": 0.600000038335988, "coverage": 0.6018}, "LIME": {"balance_data": 0.27981083635073284, "coverage_absolute": 1.5440100562195875, "accuracy_global": 0.8158381959373493, "distance_furthest": 5.495969196902259, "accuracy": 0.9195030168819299, "coverage": 6.774053684111734e-05, "area_absolute": 2.589477453233665e+139, "balance_model": 0.27981083635073284, "balance_explanation": 0.19932263403594658}, "DLIME": {"balance_data": 0.27981083635073284, "accuracy_global": 0.8152502961435528, "coverage_absolute": 1.5440100562195875, "distance_furthest": 5.495969196902259, "accuracy": 0.9195030168819299, "coverage": 6.774053684111734e-05, "area_absolute": 2.589477453233665e+139, "balance_model": 0.27981083635073284, "balance_explanation": 0.19932263403594658}}, "separate_metrics": {"ANCHORS 0.9": {"0": {"coverage": 0.0019, "accuracy": 1.0, "balance_model": 1.0, "coverage_absolute": 1, "area_relative": 1.8099174045086306e-31, "balance_data": 1.0, "balance_explanation": 1, "accuracy_global": 0.5241210139002453}, "1": {"balance_explanation": 0, "accuracy_global": 0.9087193460490464, "coverage": 0.3372, "area_relative": 0.14285714285714285, "accuracy": 0.956394575910662, "coverage_absolute": 7522, "balance_data": 0.044137197553842066, "balance_model": 0.043605424089337944}, "2": {"balance_explanation": 0, "coverage": 0.3321, "area_relative": 0.14285714285714285, "accuracy_global": 0.9047619047619048, "accuracy": 0.956394575910662, "coverage_absolute": 7522, "balance_data": 0.044137197553842066, "balance_model": 0.043605424089337944}, "3": {"balance_data": 0.0, "balance_explanation": 0, "accuracy": 1.0, "area_relative": 0.00980392156862745, "balance_model": 0.0, "coverage_absolute": 19, "accuracy_global": 0.9707792207792207, "coverage": 0.022}, "4": {"area_relative": 1.9488077277476434e-27, "accuracy": 1.0, "balance_model": 1.0, "coverage_absolute": 1, "balance_data": 1.0, "accuracy_global": 0.9640718562874252, "balance_explanation": 1, "coverage": 0.0}}, "ANCHORS 0.75": {"0": {"area_relative": 1.8099174045086308e-31, "accuracy": 1.0, "balance_model": 1.0, "coverage": 0.0024, "coverage_absolute": 1, "balance_data": 1.0, "balance_explanation": 1, "accuracy_global": 0.5271687321258341}, "1": {"balance_explanation": 0, "area_relative": 0.01098901098901099, "coverage": 0.2794, "accuracy": 0.9980694980694981, "coverage_absolute": 518, "balance_model": 0.0019305019305019305, "balance_data": 0.0019305019305019305, "accuracy_global": 0.905608755129959}, "2": {"balance_explanation": 0, "coverage": 0.3325, "accuracy_global": 0.9026217228464419, "area_relative": 0.14285714285714285, "accuracy": 0.956394575910662, "coverage_absolute": 7522, "balance_data": 0.044137197553842066, "balance_model": 0.043605424089337944}, "3": {"balance_explanation": 0, "accuracy": 0.9598278335724534, "coverage": 0.0324, "balance_model": 0.040172166427546625, "balance_data": 0.040172166427546625, "area_relative": 0.16666666666666666, "accuracy_global": 0.8970223325062034, "coverage_absolute": 697}, "4": {"accuracy": 1.0, "accuracy_global": 0.78328611898017, "balance_model": 1.0, "coverage_absolute": 1, "balance_data": 1.0, "balance_explanation": 1, "coverage": 0.0, "area_relative": 2.307258543086207e-08}}, "ANCHORS 0.6": {"0": {"accuracy": 1.0, "balance_model": 1.0, "coverage_absolute": 1, "balance_data": 1.0, "accuracy_global": 0.5359848484848485, "balance_explanation": 1, "area_relative": 4.154044995429495e-35, "coverage": 0.0027}, "1": {"balance_explanation": 0, "accuracy": 0.7594875619707805, "area_relative": 1, "balance_model": 0.2405124380292195, "balance_data": 0.24108278857543983, "coverage": 1, "accuracy_global": 0.7623762376237624, "coverage_absolute": 22793}, "2": {"balance_explanation": 0, "accuracy": 0.7594875619707805, "area_relative": 1, "balance_model": 0.2405124380292195, "balance_data": 0.24108278857543983, "coverage": 1, "coverage_absolute": 22793, "accuracy_global": 0.8217821782178217}, "3": {"balance_explanation": 0, "accuracy": 0.7594875619707805, "area_relative": 1, "balance_model": 0.2405124380292195, "balance_data": 0.24108278857543983, "accuracy_global": 0.7425742574257426, "coverage": 1, "coverage_absolute": 22793}, "4": {"accuracy": 0.5714285714285714, "coverage_absolute": 7, "accuracy_global": 0.6751824817518248, "balance_explanation": 1, "balance_model": 0.5714285714285714, "coverage": 0.0063, "area_relative": 1.916799405025465e-07, "balance_data": 0.5714285714285714}}, "LIME": {"0": {"balance_data": 0.4018256580100313, "coverage_absolute": 2.5026902868827428, "accuracy_global": 0.8330189093142631, "distance_furthest": 9.827249439772089, "accuracy": 0.5981743419899687, "coverage": 0.00010980082862645297, "area_absolute": 2.589477453233665e+139, "balance_model": 0.4018256580100313, "balance_explanation": 9.847284445547054e-33}, "1": {"balance_model": 2.983971088515023e-07, "balance_data": 2.9839710885150223e-07, "distance_furthest": 1.9987667756461236, "coverage": 4.825950174556052e-05, "accuracy_global": 0.791383319440179, "balance_explanation": 2.2874723463330856e-08, "coverage_absolute": 1.0999788232865608, "accuracy": 0.9999996787281678, "area_absolute": 2.589477453233665e+139}, "2": {"distance_furthest": 10.401605972854105, "accuracy": 0.9999984454709299, "coverage_absolute": 1.8084043880891918, "coverage": 7.934034081030105e-05, "accuracy_global": 0.8300794103452814, "balance_model": 1.5545290700337169e-06, "area_absolute": 2.589477453233665e+139, "balance_explanation": 1.5054504516360127e-31, "balance_data": 1.5545290700337169e-06}, "3": {"balance_explanation": 0.0, "balance_data": 1.1603136915835782e-15, "coverage": 5.727882562887757e-05, "accuracy_global": 0.8098100293949897, "distance_furthest": 5.151676854078249, "coverage_absolute": 1.3055562725590064, "area_absolute": 2.589477453233665e+139, "accuracy": 0.9999999999999988, "balance_model": 1.1603136915835782e-15}, "4": {"accuracy": 0.9993426182205847, "balance_model": 0.9972266708174528, "balance_explanation": 0.9966131473050095, "distance_furthest": 0.10054694216072452, "balance_data": 0.9972266708174528, "accuracy_global": 0.8148993111920326, "coverage_absolute": 1.003420510280435, "area_absolute": 2.589477453233665e+139, "coverage": 4.402318739439455e-05}}, "DLIME": {"0": {"balance_data": 0.4018256580100313, "accuracy_global": 0.8263501952353793, "coverage_absolute": 2.5026902868827428, "distance_furthest": 9.827249439772089, "accuracy": 0.5981743419899687, "coverage": 0.00010980082862645297, "area_absolute": 2.589477453233665e+139, "balance_model": 0.4018256580100313, "balance_explanation": 9.847284445547054e-33}, "1": {"balance_model": 2.983971088515023e-07, "balance_data": 2.9839710885150223e-07, "distance_furthest": 1.9987667756461236, "coverage": 4.825950174556052e-05,