{"timestamp": "2021-09-20 13:31:58.528003", "explainers": ["ANCHORS 0.9", "ANCHORS 0.75", "ANCHORS 0.6", "LIME", "DLIME"], "properties": {"ANCHORS 0.9": {"shape": "Hyperrectangle", "name": "Anchors", "instancing": "binary"}, "ANCHORS 0.75": {"shape": "Hyperrectangle", "name": "Anchors", "instancing": "binary"}, "ANCHORS 0.6": {"shape": "Hyperrectangle", "name": "Anchors", "instancing": "binary"}, "LIME": {"shape": "Exponential kernel", "instancing": "weighted", "name": "Lime"}, "DLIME": {"name": "DLime", "shape": "Exponential kernel", "instancing": "weighted"}}, "averaged_metrics": {"ANCHORS 0.9": {"balance_model": 0.28228916354674144, "balance_data": 0.2825203774195738, "area_relative": 0.003181619928895766, "balance_explanation": 0.2, "accuracy": 0.8584515771939992, "coverage": 0.15486, "accuracy_global": 0.936445840990386, "coverage_absolute": 434.0}, "ANCHORS 0.75": {"area_relative": 0.06623328305681248, "balance_model": 0.2895708712691529, "coverage": 0.36714, "accuracy_global": 0.8657118771693462, "balance_explanation": 0.2, "balance_data": 0.2902627471886864, "accuracy": 0.8352466469790223, "coverage_absolute": 5006.6}, "ANCHORS 0.6": {"coverage": 0.74882, "balance_model": 0.3503352692907378, "accuracy_global": 0.7732695647431109, "area_relative": 0.6020186741363212, "balance_explanation": 0.2, "balance_data": 0.35081680848088775, "accuracy": 0.7744822489574374, "coverage_absolute": 15909.2}, "LIME": {"accuracy": 0.7636304181417553, "coverage": 6.754336328501077e-05, "balance_data": 0.29713418884235204, "area_absolute": 2.589477453233665e+139, "accuracy_global": 0.8131707103057956, "distance_furthest": 4.678774833415487, "balance_model": 0.29713418884235204, "coverage_absolute": 1.5395158793552506, "balance_explanation": 0.2609489065353735}, "DLIME": {"coverage": 6.754336328501077e-05, "balance_data": 0.29713418884235204, "area_absolute": 2.589477453233665e+139, "distance_furthest": 4.678774833415487, "accuracy": 0.7949136221961642, "accuracy_global": 0.8223577414118368, "coverage_absolute": 1.5395158793552506, "balance_model": 0.29713418884235204, "balance_explanation": 0.2975703424800987}}, "separate_metrics": {"ANCHORS 0.9": {"0": {"balance_model": 0.8518518518518519, "balance_data": 0.8518518518518519, "area_relative": 5.637645308898426e-09, "balance_explanation": 1, "accuracy": 0.8518518518518519, "coverage": 0.0135, "accuracy_global": 0.9085106382978724, "coverage_absolute": 27}, "1": {"accuracy": 0.9526011560693641, "accuracy_global": 0.9908675799086758, "balance_data": 0.048554913294797684, "coverage_absolute": 1730, "area_relative": 0.010416666666666666, "coverage": 0.0749, "balance_model": 0.047398843930635835, "balance_explanation": 0}, "2": {"balance_explanation": 0, "accuracy": 0.9878048780487805, "accuracy_global": 0.995260663507109, "area_relative": 0.0015698587127158557, "balance_data": 0.012195121951219513, "coverage_absolute": 410, "coverage": 0.2124, "balance_model": 0.012195121951219513}, "3": {"coverage_absolute": 1, "coverage": 0.0, "accuracy": 1.0, "area_relative": 0.00392156862745098, "accuracy_global": 0.9255725190839694, "balance_data": 0.0, "balance_explanation": 0, "balance_model": 0.0}, "4": {"coverage": 0.4735, "balance_data": 0.5, "accuracy_global": 0.8620178041543026, "area_relative": 1.576955096802231e-17, "accuracy": 0.5, "balance_explanation": 0, "coverage_absolute": 2, "balance_model": 0.5}}, "ANCHORS 0.75": {"0": {"area_relative": 0.00065359477124183, "balance_model": 0.8120437956204379, "coverage": 0.0363, "accuracy_global": 0.8590163934426229, "balance_explanation": 1, "balance_data": 0.8120437956204379, "accuracy": 0.8120437956204379, "coverage_absolute": 548}, "1": {"coverage": 0.2513, "balance_data": 0.10571774054240801, "accuracy": 0.8951459664881672, "coverage_absolute": 5789, "accuracy_global": 0.8958630527817404, "area_relative": 0.16666666666666666, "balance_model": 0.10485403351183278, "balance_explanation": 0}, "2": {"coverage": 0.3273, "area_relative": 0.14285714285714285, "accuracy_global": 0.9348837209302325, "coverage_absolute": 7463, "balance_explanation": 0, "balance_model": 0.04676403591049176, "accuracy": 0.9532359640895083, "balance_data": 0.047166019027200856}, "3": {"coverage": 0.5194, "area_relative": 0.01098901098901099, "balance_data": 0.2703583061889251, "accuracy": 0.7312703583061889, "coverage_absolute": 614, "balance_model": 0.2687296416938111, "balance_explanation": 0, "accuracy_global": 0.8501510574018127}, "4": {"balance_data": 0.21602787456445993, "accuracy": 0.784537150390809, "area_relative": 0.01, "accuracy_global": 0.7886451612903226, "coverage": 0.7014, "coverage_absolute": 10619, "balance_explanation": 0, "balance_model": 0.21546284960919107}}, "ANCHORS 0.6": {"0": {"coverage": 0.0413, "balance_model": 0.8120437956204379, "accuracy_global": 0.7569124423963134, "area_relative": 9.337068160597572e-05, "balance_explanation": 1, "balance_data": 0.8120437956204379, "accuracy": 0.8120437956204379, "coverage_absolute": 548}, "1": {"accuracy": 0.75861009959198, "area_relative": 1, "coverage_absolute": 22793, "accuracy_global": 0.7623762376237624, "balance_data": 0.24200412407318037, "balance_model": 0.24138990040802, "coverage": 1, "balance_explanation": 0}, "2": {"accuracy": 0.75861009959198, "area_relative": 1, "coverage_absolute": 22793, "accuracy_global": 0.7524752475247525, "balance_data": 0.24200412407318037, "balance_model": 0.24138990040802, "coverage": 1, "balance_explanation": 0}, "3": {"accuracy": 0.75861009959198, "area_relative": 1, "coverage_absolute": 22793, "balance_data": 0.24200412407318037, "balance_model": 0.24138990040802, "coverage": 1, "balance_explanation": 0, "accuracy_global": 0.801980198019802}, "4": {"balance_explanation": 0, "accuracy_global": 0.7926036981509246, "accuracy": 0.784537150390809, "area_relative": 0.01, "balance_model": 0.21546284960919107, "coverage_absolute": 10619, "balance_data": 0.21602787456445993, "coverage": 0.7028}}, "LIME": {"0": {"accuracy": 0.8181479027222792, "coverage": 5.454938462347228e-05, "balance_data": 0.9861358810274833, "area_absolute": 2.589477453233665e+139, "accuracy_global": 0.8323169394112228, "distance_furthest": 3.631046911471745, "balance_model": 0.9861358810274833, "coverage_absolute": 1.2433441237228038, "balance_explanation": 0.8042837838476409}, "1": {"balance_model": 3.000451901193808e-38, "area_absolute": 2.589477453233665e+139, "coverage": 4.3873353317981966e-05, "accuracy": 1.0, "coverage_absolute": 1.000005342176763, "distance_furthest": 0.00020517316736615222, "balance_data": 3.000451901193808e-38, "accuracy_global": 0.8291142017286008, "balance_explanation": 2.988991413331151e-38}, "2": {"balance_explanation": 5.827775056614783e-41, "area_absolute": 2.589477453233665e+139, "distance_furthest": 0.03911399245786246, "accuracy": 1.0, "balance_model": 5.827775056614783e-41, "coverage": 4.3933627153530796e-05, "accuracy_global": 0.8253849866186987, "balance_data": 5.827775056614783e-41, "coverage_absolute": 1.0013791637104275}, "3": {"area_absolute": 2.589477453233665e+139, "coverage": 0.00010769499696048341, "balance_data": 1.1578816600994357e-11, "accuracy": 0.9999999999884212, "distance_furthest": 11.357910209048915, "accuracy_global": 0.7597946738033606, "balance_explanation": 0.0, "coverage_absolute": 2.454692065720298, "balance_model": 1.1578816600994357e-11}, "4": {"balance_data": 0.49953506317269797, "area_absolute": 2.589477453233665e+139, "accuracy_global": 0.8192427499670951, "coverage": 8.766545436958541e-05, "balance_model": 0.49953506317269797, "balance_explanation": 0.5004607488292265, "accuracy": 4.187998075595837e-06, "distance_furthest": 8.365597880931546, "coverage_absolute": 1.99815870144596}}, "DLIME": {"0": {"coverage": 5.454938462347228e-05, "balance_data": 0.9861358810274833, "area_absolute": 2.589477453233665e+139, "distance_furthest": 3.631046911471745, "accuracy": 0.9745639229943244, "accuracy_global": 0.8354319308559646, "coverage_absolute": 1.2433441237228038,