{"timestamp": "2021-09-14 13:26:51.443279", "explainers": ["ANCHORS 0.9", "ANCHORS 0.75", "ANCHORS 0.6", "LIME", "DLIME"], "properties": {"ANCHORS 0.9": {"shape": "Hyperrectangle", "name": "Anchors"}, "ANCHORS 0.75": {"name": "Anchors", "shape": "Hyperrectangle"}, "ANCHORS 0.6": {"shape": "Hyperrectangle", "name": "Anchors"}, "LIME": {"shape": "Exponential kernel", "name": "Lime"}, "DLIME": {"shape": "Exponential kernel", "name": "DLime"}}, "averaged_metrics": {"ANCHORS 0.9": {"coverage": 0.06548000000000001, "balance_data": 0.6251820056804477, "balance_explanation": 0.6, "balance_model": 0.624742927744114, "area_relative": 0.0027450980392461316, "accuracy_global": 0.8291748263670857, "coverage_absolute": 227.4, "accuracy": 0.975257072255886}, "ANCHORS 0.75": {"balance_data": 0.5108033578815281, "balance_explanation": 0.6, "balance_model": 0.5105970925708705, "coverage": 0.10669999999999999, "accuracy_global": 0.7666829454108547, "coverage_absolute": 2390.0, "area_relative": 0.0474023465250227, "accuracy": 0.8556008379146693}, "ANCHORS 0.6": {"accuracy": 0.7495870317544183, "accuracy_global": 0.614620622253749, "coverage_absolute": 9900.4, "coverage": 0.44720000000000004, "area_relative": 0.4007464332166252, "balance_explanation": 0.6, "balance_data": 0.5418214897020338, "balance_model": 0.5416108987311217}, "LIME": {"coverage_absolute": 1.61326578255635, "accuracy_global": 0.8177071908041944, "area_absolute": 2.589477453233665e+139, "accuracy": 0.60000516767058, "distance_furthest": 4.689382546636581, "balance_data": 0.6107340394554506, "balance_explanation": 0.21073920712603272, "balance_model": 0.6107340394554506, "coverage": 7.077900155996797e-05}, "DLIME": {"coverage_absolute": 1.61326578255635, "area_absolute": 2.589477453233665e+139, "accuracy": 0.6000051676705811, "distance_furthest": 4.689382546636581, "balance_data": 0.6107340394554506, "balance_model": 0.6107340394554506, "balance_explanation": 0.21073920712603167, "coverage": 7.077900155996797e-05, "accuracy_global": 0.817136840257974}}, "separate_metrics": {"ANCHORS 0.9": {"0": {"coverage": 0.0004, "balance_data": 1.0, "balance_explanation": 1, "balance_model": 1.0, "area_relative": 1.0901029977635266e-34, "accuracy_global": 0.9451476793248945, "coverage_absolute": 1, "accuracy": 1.0}, "1": {"accuracy_global": 0.36126840317100795, "balance_explanation": 1, "balance_data": 1.0, "balance_model": 1.0, "area_relative": 4.785721110051048e-19, "coverage_absolute": 1, "accuracy": 1.0, "coverage": 0.0719}, "2": {"balance_model": 0.03402854006586169, "accuracy_global": 0.9861111111111112, "coverage": 0.0666, "balance_explanation": 0, "area_relative": 0.00392156862745098, "coverage_absolute": 911, "balance_data": 0.036223929747530186, "accuracy": 0.9659714599341384}, "3": {"accuracy": 0.9103139013452914, "balance_model": 0.08968609865470852, "accuracy_global": 0.947508896797153, "coverage": 0.1877, "coverage_absolute": 223, "balance_explanation": 0, "balance_data": 0.08968609865470852, "area_relative": 0.00980392156862745}, "4": {"coverage": 0.0008, "area_relative": 1.5222685087954277e-13, "balance_data": 1.0, "balance_explanation": 1, "balance_model": 1.0, "accuracy_global": 0.9058380414312618, "coverage_absolute": 1, "accuracy": 1.0}}, "ANCHORS 0.75": {"0": {"balance_data": 1.0, "balance_explanation": 1, "balance_model": 1.0, "coverage": 0.007, "accuracy_global": 0.765814266487214, "coverage_absolute": 1, "area_relative": 1.291029607899116e-16, "accuracy": 1.0}, "1": {"coverage": 0.1635, "area_relative": 0.003676470588235294, "balance_data": 0.4154948262138498, "balance_model": 0.4154948262138498, "coverage_absolute": 3769, "balance_explanation": 1, "accuracy": 0.4154948262138498, "accuracy_global": 0.4141914191419142}, "2": {"coverage_absolute": 2327, "balance_data": 0.03953588311130211, "area_relative": 0.06666666666666667, "accuracy": 0.9613235926085089, "coverage": 0.0981, "balance_explanation": 0, "balance_model": 0.03867640739149119, "accuracy_global": 0.9194915254237288}, "3": {"balance_data": 0.0989860800824884, "balance_model": 0.09881422924901186, "accuracy": 0.9011857707509882, "balance_explanation": 0, "area_relative": 0.16666666666666666, "coverage_absolute": 5819, "accuracy_global": 0.865415986949429, "coverage": 0.2537}, "4": {"accuracy_global": 0.8685015290519877, "area_relative": 1.928703544764245e-06, "balance_data": 1.0, "coverage_absolute": 34, "balance_explanation": 1, "balance_model": 1.0, "accuracy": 1.0, "coverage": 0.0112}}, "ANCHORS 0.6": {"0": {"accuracy": 0.8125, "accuracy_global": 0.6005830903790087, "coverage_absolute": 48, "coverage": 0.0477, "area_relative": 1.7442874585731727e-05, "balance_explanation": 1, "balance_data": 0.8125, "balance_model": 0.8125}, "1": {"area_relative": 0.003676470588235294, "balance_data": 0.4154948262138498, "balance_model": 0.4154948262138498, "balance_explanation": 1, "coverage_absolute": 3769, "accuracy_global": 0.401468788249694, "coverage": 0.1653, "accuracy": 0.4154948262138498}, "2": {"coverage": 1, "accuracy": 0.7599701662791207, "accuracy_global": 0.7326732673267327, "area_relative": 1, "balance_explanation": 0, "balance_model": 0.24002983372087922, "balance_data": 0.24055631114815954, "coverage_absolute": 22793}, "3": {"coverage": 1, "accuracy": 0.7599701662791207, "accuracy_global": 0.7326732673267327, "area_relative": 1, "balance_explanation": 0, "balance_model": 0.24002983372087922, "balance_data": 0.24055631114815954, "coverage_absolute": 22793}, "4": {"accuracy_global": 0.6057046979865772, "coverage": 0.023, "coverage_absolute": 99, "balance_explanation": 1, "balance_model": 1.0, "balance_data": 1.0, "accuracy": 1.0, "area_relative": 3.825262030449086e-05}}, "LIME": {"0": {"coverage_absolute": 1.0000000000004898, "accuracy_global": 0.8265256877111394, "area_absolute": 2.589477453233665e+139, "accuracy": 4.84437799295717e-13, "distance_furthest": 2.884154464356642e-11, "balance_data": 0.9999999999995102, "balance_explanation": 5.380650710252424e-15, "balance_model": 0.9999999999995102, "coverage": 4.387311894004694e-05}, "1": {"distance_furthest": 0.0009806954633409877, "area_absolute": 2.589477453233665e+139, "balance_explanation": 6.328017821725155e-12, "balance_data": 0.9999741616539126, "accuracy": 2.5838352415502e-05, "balance_model": 0.9999741616539126, "coverage_absolute": 1.000025839020055, "accuracy_global": 0.8191988768481552, "coverage": 4.387425257842561e-05}, "2": {"area_absolute": 2.589477453233665e+139, "balance_explanation": 0.05369603562383038, "balance_data": 0.05369603562383038, "distance_furthest": 7.556973521897756, "accuracy_global": 0.8227964726012372, "balance_model": 0.05369603562383038, "coverage_absolute": 1.697835791674215, "accuracy": 0.9999999999999999, "coverage": 7.448935162875511e-05}, "3": {"area_absolute": 2.589477453233665e+139, "balance_explanation": 1.4449984211631674e-20, "distance_furthest": 15.888958515792963, "balance_model": 1.4449984211631674e-20, "coverage": 0.00014778516571258671, "accuracy": 1.0000000000000002, "accuracy_global": 0.8107313648927302, "coverage_absolute": 3.368467282086989, "balance_data": 1.4449984211631674e-20}, "4": {"area_absolute": 2.589477453233665e+139, "distance_furthest": 3.296414997395299e-39, "coverage": 4.387311894002545e-05, "balance_explanation": 1.0, "balance_data": 1.0, "balance_model": 1.0, "accuracy_global": 0.8092835519677094, "coverage_absolute": 1.0, "accuracy": 1.0}}, "DLIME": {"0": {"coverage_absolute": 1.0000000000004898, "area_absolute": 2.589477453233665e+139, "accuracy": 4.898184500059695e-13, "distance_furthest": 2.884154464356642e-11, "balance_data": 0.9999999999995102, "balance_model": 0.9999999999995102, "balance_explanation": 0.0, "coverage": 4.387311894004694e-05, "accuracy_global": 0.8301232834642215}, "1": {"distance_furthest": 0.0009806954633409877, "area_absolute": 2.589477453233665e+139, "accuracy_global": 0.8123107971745711, "balance_explanation": 6.328017821725155e-12, "balance_data": 0.9999741616539126,