{"timestamp": "2021-09-14 12:33:34.163238", "explainers": ["ANCHORS 0.9", "ANCHORS 0.75", "ANCHORS 0.6", "LIME", "DLIME"], "properties": {"ANCHORS 0.9": {"name": "Anchors", "shape": "Hyperrectangle"}, "ANCHORS 0.75": {"name": "Anchors", "shape": "Hyperrectangle"}, "ANCHORS 0.6": {"name": "Anchors", "shape": "Hyperrectangle"}, "LIME": {"name": "Lime", "shape": "Exponential kernel"}, "DLIME": {"name": "DLime", "shape": "Exponential kernel"}}, "averaged_metrics": {"ANCHORS 0.9": {"area_relative": 0.04704804998922645, "coverage_absolute": 2074.0, "balance_explanation": 0.2, "accuracy_global": 0.9426051019161381, "balance_data": 0.2606032024045134, "balance_model": 0.2604965357378467, "coverage": 0.14834, "accuracy": 0.9395034642621531}, "ANCHORS 0.75": {"balance_model": 0.28106353097399894, "balance_explanation": 0.2, "balance_data": 0.28140763057615464, "area_relative": 0.0838095238095238, "coverage_absolute": 2555.6, "coverage": 0.11286, "accuracy_global": 0.8648846379294266, "accuracy": 0.918936469026001}, "ANCHORS 0.6": {"balance_model": 0.34845351987533535, "coverage_absolute": 10741.6, "area_relative": 0.4307693169575522, "balance_explanation": 0.2, "accuracy_global": 0.7963090405264149, "accuracy": 0.8515464801246647, "coverage": 0.57432, "balance_data": 0.34878832676049015}, "LIME": {"coverage": 7.010848325869078e-05, "accuracy": 0.7927889428143846, "balance_data": 0.20721105718561533, "balance_explanation": 2.568417085991915e-25, "accuracy_global": 0.8168297284253938, "balance_model": 0.20721105718561533, "area_absolute": 2.589477453233665e+139, "distance_furthest": 3.7012410859960654, "coverage_absolute": 1.597982658915339}, "DLIME": {"coverage": 7.010848325869078e-05, "accuracy": 0.7927804036709829, "balance_data": 0.20721105718561533, "accuracy_global": 0.819049708243759, "balance_explanation": 8.539149899293374e-06, "balance_model": 0.20721105718561533, "area_absolute": 2.589477453233665e+139, "distance_furthest": 3.7012410859960654, "coverage_absolute": 1.597982658915339}}, "separate_metrics": {"ANCHORS 0.9": {"0": {"area_relative": 0.0006464124111182936, "coverage_absolute": 228, "balance_explanation": 0, "accuracy_global": 0.9388235294117647, "balance_data": 0.14473684210526316, "balance_model": 0.14473684210526316, "coverage": 0.2377, "accuracy": 0.8552631578947368}, "1": {"balance_data": 0.04346666666666667, "area_relative": 0.14285714285714285, "balance_explanation": 0, "coverage": 0.3244, "accuracy_global": 0.9215070643642073, "accuracy": 0.9570666666666666, "coverage_absolute": 7500, "balance_model": 0.04293333333333333}, "2": {"balance_data": 0.0392156862745098, "balance_model": 0.0392156862745098, "coverage_absolute": 1887, "balance_explanation": 0, "accuracy_global": 0.956221198156682, "area_relative": 0.08333333333333333, "accuracy": 0.9607843137254902, "coverage": 0.0868}, "3": {"balance_model": 0.07559681697612732, "accuracy_global": 0.9761549925484352, "area_relative": 0.008403361344537815, "balance_explanation": 0, "coverage_absolute": 754, "accuracy": 0.9244031830238727, "coverage": 0.0927, "balance_data": 0.07559681697612732}, "4": {"balance_data": 1.0, "balance_explanation": 1, "balance_model": 1.0, "coverage": 0.0001, "area_relative": 2.843385040941424e-27, "accuracy_global": 0.9203187250996016, "coverage_absolute": 1, "accuracy": 1.0}}, "ANCHORS 0.75": {"0": {"balance_model": 0.20331588132635253, "balance_explanation": 0, "balance_data": 0.20418848167539266, "area_relative": 0.06666666666666667, "coverage_absolute": 1146, "coverage": 0.0514, "accuracy_global": 0.8447701532311792, "accuracy": 0.7966841186736475}, "1": {"balance_data": 0.04346666666666667, "area_relative": 0.14285714285714285, "balance_explanation": 0, "accuracy_global": 0.9232209737827716, "coverage": 0.3284, "accuracy": 0.9570666666666666, "coverage_absolute": 7500, "balance_model": 0.04293333333333333}, "2": {"balance_data": 0.06092436974789916, "coverage_absolute": 952, "balance_model": 0.06092436974789916, "accuracy_global": 0.876803551609323, "balance_explanation": 0, "area_relative": 0.06666666666666667, "coverage": 0.0423, "accuracy": 0.9390756302521008}, "3": {"balance_data": 0.09845863479081472, "area_relative": 0.14285714285714285, "coverage_absolute": 3179, "balance_explanation": 0, "accuracy_global": 0.8831168831168831, "coverage": 0.1415, "balance_model": 0.09814407046240957, "accuracy": 0.9018559295375904}, "4": {"balance_data": 1.0, "balance_explanation": 1, "balance_model": 1.0, "coverage_absolute": 1, "accuracy_global": 0.7965116279069767, "coverage": 0.0007, "area_relative": 1.3302798582427399e-27, "accuracy": 1.0}}, "ANCHORS 0.6": {"0": {"balance_model": 0.2286634460547504, "coverage_absolute": 621, "area_relative": 0.01098901098901099, "balance_explanation": 0, "accuracy_global": 0.8408996251561849, "accuracy": 0.7713365539452496, "coverage": 0.5206, "balance_data": 0.2286634460547504}, "1": {"balance_data": 0.04346666666666667, "area_relative": 0.14285714285714285, "coverage": 0.3326, "accuracy_global": 0.9284525790349417, "balance_explanation": 0, "accuracy": 0.9570666666666666, "coverage_absolute": 7500, "balance_model": 0.04293333333333333}, "2": {"accuracy_global": 0.7722772277227723, "balance_data": 0.23590576054051682, "coverage_absolute": 22793, "area_relative": 1, "balance_explanation": 0, "accuracy": 0.7646645900057035, "balance_model": 0.2353354099942965, "coverage": 1}, "3": {"balance_data": 0.23590576054051682, "coverage_absolute": 22793, "area_relative": 1, "balance_explanation": 0, "accuracy": 0.7646645900057035, "balance_model": 0.2353354099942965, "coverage": 1, "accuracy_global": 0.7425742574257426}, "4": {"accuracy_global": 0.6973415132924335, "balance_explanation": 1, "balance_model": 1.0, "balance_data": 1.0, "coverage": 0.0184, "area_relative": 4.309416074121957e-07, "coverage_absolute": 1, "accuracy": 1.0}}, "LIME": {"0": {"coverage": 4.6858998576332663e-05, "accuracy": 0.9522568858876167, "balance_data": 0.047743114112383016, "balance_explanation": 1.2842085429959577e-24, "accuracy_global": 0.8254288597376388, "balance_model": 0.047743114112383016, "area_absolute": 2.589477453233665e+139, "distance_furthest": 1.5238717614966861, "coverage_absolute": 1.0680571545503503}, "1": {"accuracy_global": 0.8157329004518932, "balance_explanation": 0.0, "balance_data": 6.535579265360407e-27, "balance_model": 6.535579265360407e-27, "area_absolute": 2.589477453233665e+139, "accuracy": 1.0, "distance_furthest": 4.40883432199183, "coverage_absolute": 1.4428359712778265, "coverage": 6.330171417881921e-05}, "2": {"accuracy": 0.99856146564241, "coverage": 8.662728978252864e-05, "balance_explanation": 0.0, "balance_model": 0.0014385343575900236, "distance_furthest": 3.1516047402171417, "balance_data": 0.0014385343575900236, "area_absolute": 2.589477453233665e+139, "coverage_absolute": 1.9744958160131754, "accuracy_global": 0.8155574079761331}, "3": {"accuracy": 0.9999999999999374, "distance_furthest": 4.378702321834156, "accuracy_global": 0.7976133023296627, "balance_explanation": 2.5503762879395783e-95, "area_absolute": 2.589477453233665e+139, "coverage": 7.731178299912996e-05, "coverage_absolute": 1.7621674698991692, "balance_data": 6.260473286576717e-14, "balance_model": 6.260473286576717e-14}, "4": {"distance_furthest": 5.043192284440513, "accuracy_global": 0.8298161716316413, "accuracy": 0.01312636254195895, "area_absolute": 2.589477453233665e+139, "balance_explanation": 2.3731774873818625e-124, "balance_data": 0.9868736374580411, "coverage": 7.644263075664342e-05, "balance_model": 0.9868736374580411, "coverage_absolute": 1.7423568828361735}}, "DLIME": {"0": {"coverage": 4.6858998576332663e-05, "accuracy": 0.9522568858876167, "balance_data": 0.047743114112383016, "accuracy_global": 0.82744702320888, "balance_explanation": 1.2842085429959577e-24, "balance_model": 0.047743114112383016, "area_absolute": 2.589477453233665e+139, "distance_furthest": 1.5238717614966861, "coverage_absolute": 1.0680571545503503},