{"timestamp": "2021-09-05 23:21:35.565000", "explainers": ["ANCHORS 0.9", "ANCHORS 0.75", "ANCHORS 0.6", "LIME 1", "DLIME"], "averaged_metrics": {"ANCHORS 0.9": {"coverage": 0.274, "accuracy_global": 0.9026217228464419, "accuracy": 0.9850187265917603, "balance_data": 0.0149812734082397, "balance_explanation": 0.0, "relative_area": 0.01098901098901099, "balance_model": 0.0149812734082397}, "ANCHORS 0.75": {"accuracy": 0.9573063973063973, "balance_data": 0.04269360269360269, "accuracy_global": 0.9375, "balance_explanation": 0.0, "relative_area": 0.14285714285714285, "balance_model": 0.04269360269360269, "coverage": 0.3299}, "ANCHORS 0.6": {"accuracy": 0.7607598824200412, "balance_data": 0.23959110253147897, "balance_explanation": 0.0, "coverage": 1.0, "relative_area": 1.0, "accuracy_global": 0.7722772277227723, "balance_model": 0.23924011757995875}, "LIME 1": {"furthest_distance": 1.7462283223834593e-08, "accuracy": 0.9999999999880735, "balance_data": 1.1926439486015052e-11, "balance_explanation": 0.0, "accuracy_global": 0.7944544377659808, "balance_model": 1.1926439486015052e-11, "absolute_area": 2.589477453233665e+139, "coverage": 4.387311895485852e-05}, "DLIME": {"accuracy_global": 0.7866011494757162, "accuracy": 0.9999999999880735, "furthest_distance": 1.7462283223834593e-08, "balance_data": 1.1926439486015052e-11, "balance_explanation": 0.0, "balance_model": 1.1926439486015052e-11, "absolute_area": 2.589477453233665e+139, "coverage": 4.387311895485852e-05}}, "separate_metrics": {"ANCHORS 0.9": {"0": {"coverage": 0.274, "accuracy_global": 0.9026217228464419, "accuracy": 0.9850187265917603, "balance_data": 0.0149812734082397, "balance_explanation": 0, "relative_area": 0.01098901098901099, "balance_model": 0.0149812734082397}}, "ANCHORS 0.75": {"0": {"accuracy": 0.9573063973063973, "balance_data": 0.04269360269360269, "accuracy_global": 0.9375, "balance_explanation": 0, "relative_area": 0.14285714285714285, "balance_model": 0.04269360269360269, "coverage": 0.3299}}, "ANCHORS 0.6": {"0": {"accuracy": 0.7607598824200412, "balance_data": 0.23959110253147897, "balance_explanation": 0, "coverage": 1, "relative_area": 1, "accuracy_global": 0.7722772277227723, "balance_model": 0.23924011757995875}}, "LIME 1": {"0": {"furthest_distance": 1.7462283223834593e-08, "accuracy": 0.9999999999880735, "balance_data": 1.1926439486015052e-11, "balance_explanation": 0.0, "accuracy_global": 0.7944544377659808, "balance_model": 1.1926439486015052e-11, "absolute_area": 2.589477453233665e+139, "coverage": 4.387311895485852e-05}}, "DLIME": {"0": {"accuracy_global": 0.7866011494757162, "accuracy": 0.9999999999880735, "furthest_distance": 1.7462283223834593e-08, "balance_data": 1.1926439486015052e-11, "balance_explanation": 0.0, "balance_model": 1.1926439486015052e-11, "absolute_area": 2.589477453233665e+139, "coverage": 4.387311895485852e-05}}}}