{"timestamp": "2021-09-13 14:02:02.168808", "explainers": ["ANCHORS 0.9", "ANCHORS 0.75", "ANCHORS 0.6", "LIME", "DLIME"], "properties": {"ANCHORS 0.9": {"shape": "Hyperrectangle", "name": "Anchors"}, "ANCHORS 0.75": {"shape": "Hyperrectangle", "name": "Anchors"}, "ANCHORS 0.6": {"shape": "Hyperrectangle", "name": "Anchors"}, "LIME": {"name": "Lime", "shape": "Exponential kernel"}, "DLIME": {"shape": "Exponential kernel", "name": "DLime"}}, "averaged_metrics": {"ANCHORS 0.9": {"accuracy": 0.7771116184068244, "balance_data": 0.4021987264207617, "balance_model": 0.4021987264207617, "accuracy_global": 0.7323854531567238, "area_relative": 0.0029821356791140956, "coverage": 0.1058, "coverage_absolute": 127.6, "balance_explanation": 0.6}, "ANCHORS 0.75": {"coverage": 0.10904, "accuracy": 0.7726426567088004, "balance_data": 0.4209057303879737, "balance_model": 0.4209057303879737, "area_relative": 0.007101912685023979, "accuracy_global": 0.6808217404216924, "coverage_absolute": 221.0, "balance_explanation": 0.6}, "ANCHORS 0.6": {"accuracy": 0.6995631023140778, "coverage_absolute": 9131.2, "area_relative": 0.4000026519483534, "balance_data": 0.49156942004320525, "accuracy_global": 0.6282883818777375, "balance_model": 0.49148167380532515, "coverage": 0.43023999999999996, "balance_explanation": 0.6}, "LIME": {"accuracy_global": 0.8044662835080946, "balance_explanation": 0.07272124942141305, "coverage": 6.184045952002554e-05, "area_absolute": 2.589477453233665e+139, "balance_data": 0.5203335398234711, "coverage_absolute": 1.4095295938399421, "accuracy": 0.7408860616935249, "balance_model": 0.33183518772788806, "distance_furthest": 5.346393635083832}, "DLIME": {"accuracy_global": 0.8107752380116704, "balance_explanation": 0.0923695653723022, "coverage": 6.184045952002554e-05, "balance_data": 0.5203335398234711, "area_absolute": 2.589477453233665e+139, "coverage_absolute": 1.4095295938399421, "accuracy": 0.760534377644414, "balance_model": 0.33183518772788806, "distance_furthest": 5.346393635083832}}, "separate_metrics": {"ANCHORS 0.9": {"0": {"accuracy": 0.9372822299651568, "balance_data": 0.0627177700348432, "balance_model": 0.0627177700348432, "accuracy_global": 0.9116719242902208, "area_relative": 0.01098901098901099, "coverage": 0.2697, "coverage_absolute": 574, "balance_explanation": 0}, "1": {"coverage_absolute": 1, "accuracy_global": 0.5211693548387096, "balance_model": 1.0, "balance_data": 1.0, "accuracy": 1.0, "area_relative": 2.6039750352731382e-30, "balance_explanation": 1, "coverage": 0.0002}, "2": {"accuracy_global": 0.9418742586002372, "coverage": 0.0322, "balance_data": 0.0, "coverage_absolute": 3, "accuracy": 1.0, "area_relative": 0.00392156862745098, "balance_model": 0.0, "balance_explanation": 0}, "3": {"area_relative": 3.465089311810741e-08, "accuracy_global": 0.3718442447582371, "balance_data": 0.4482758620689655, "balance_model": 0.4482758620689655, "coverage_absolute": 58, "accuracy": 0.4482758620689655, "coverage": 0.2253, "balance_explanation": 1}, "4": {"accuracy": 0.5, "balance_data": 0.5, "accuracy_global": 0.9153674832962138, "area_relative": 6.41282153887196e-08, "balance_model": 0.5, "coverage_absolute": 2, "balance_explanation": 1, "coverage": 0.0016}}, "ANCHORS 0.75": {"0": {"coverage": 0.2732, "accuracy": 0.9372822299651568, "balance_data": 0.0627177700348432, "balance_model": 0.0627177700348432, "area_relative": 0.01098901098901099, "accuracy_global": 0.8884353741496599, "coverage_absolute": 574, "balance_explanation": 0}, "1": {"coverage": 0.0, "coverage_absolute": 1, "balance_data": 1.0, "balance_model": 1.0, "accuracy": 1.0, "balance_explanation": 1, "area_relative": 2.863609280230495e-19, "accuracy_global": 0.496640826873385}, "2": {"coverage": 0.0209, "balance_data": 0.05793991416309013, "balance_model": 0.05793991416309013, "coverage_absolute": 466, "accuracy": 0.9420600858369099, "area_relative": 0.024390243902439025, "accuracy_global": 0.8387364921030757, "balance_explanation": 0}, "3": {"balance_data": 0.4838709677419355, "balance_model": 0.4838709677419355, "coverage_absolute": 62, "accuracy": 0.4838709677419355, "area_relative": 0.00012928248222365872, "coverage": 0.2393, "balance_explanation": 1, "accuracy_global": 0.3624742268041237}, "4": {"accuracy": 0.5, "coverage_absolute": 2, "coverage": 0.0118, "balance_data": 0.5, "area_relative": 1.0260514462195133e-06, "balance_model": 0.5, "accuracy_global": 0.8178217821782178, "balance_explanation": 1}}, "ANCHORS 0.6": {"0": {"accuracy": 0.7601017856359409, "coverage_absolute": 22793, "area_relative": 1, "balance_data": 0.24011757995875926, "accuracy_global": 0.7920792079207921, "balance_model": 0.23989821436405914, "coverage": 1, "balance_explanation": 0}, "1": {"coverage_absolute": 1, "balance_data": 1.0, "balance_model": 1.0, "area_relative": 1.1345519228685067e-26, "coverage": 0.0001, "accuracy": 1.0, "accuracy_global": 0.5282199710564399, "balance_explanation": 1}, "2": {"accuracy": 0.7601017856359409, "coverage_absolute": 22793, "area_relative": 1, "balance_data": 0.24011757995875926, "accuracy_global": 0.7920792079207921, "balance_model": 0.23989821436405914, "coverage": 1, "balance_explanation": 0}, "3": {"coverage": 0.112, "balance_model": 0.47761194029850745, "accuracy_global": 0.3629242819843342, "accuracy": 0.47761194029850745, "area_relative": 7.103433089212018e-06, "coverage_absolute": 67, "balance_explanation": 1, "balance_data": 0.47761194029850745}, "4": {"accuracy": 0.5, "accuracy_global": 0.6661392405063291, "area_relative": 6.156308677317081e-06, "balance_data": 0.5, "balance_model": 0.5, "coverage_absolute": 2, "balance_explanation": 1, "coverage": 0.0391}}, "LIME": {"0": {"accuracy_global": 0.8242881586451981, "balance_explanation": 3.0142758432841623e-110, "coverage": 5.389263239937243e-05, "area_absolute": 2.589477453233665e+139, "balance_data": 0.0, "coverage_absolute": 1.2283747702788959, "accuracy": 1.0, "balance_model": 0.0, "distance_furthest": 4.161218901374772}, "1": {"balance_model": 0.02068890523520757, "balance_data": 0.9631806657131227, "coverage": 4.655013526885204e-05, "accuracy": 0.9793110947647926, "area_absolute": 2.589477453233665e+139, "balance_explanation": 2.654554625348066e-111, "coverage_absolute": 1.0610172331829446, "distance_furthest": 1.376328026611001, "accuracy_global": 0.8126179090071514}, "2": {"coverage": 4.388486214006148e-05, "coverage_absolute": 1.0002676627584213, "accuracy": 0.9999999999999438, "area_absolute": 2.589477453233665e+139, "balance_data": 4.2248788168162915e-08, "balance_model": 4.224878816816291e-08, "distance_furthest": 0.008726426644987585, "balance_explanation": 4.2248732007267566e-08, "accuracy_global": 0.7930504979599}, "3": {"coverage": 4.421358348191056e-05, "balance_explanation": 1.6991882020844943e-96, "area_absolute": 2.589477453233665e+139, "distance_furthest": 0.19263781608473937, "coverage_absolute": 1.0077602083031874, "balance_data": 0.9922995488021366, "balance_model": 0.9922995488021366, "accuracy": 0.0077004511978633165, "accuracy_global": 0.7944983108849208}, "4": {"accuracy": 0.7174187625050249, "coverage": 0.00012066108430993116, "distance_furthest": 20.993057004703658, "area_absolute": 2.589477453233665e+139, "balance_data": 0.646187442353308, "coverage_absolute": 2.750228094676261, "accuracy_global": 0.7978765410433027, "balance_model": 0.646187442353308, "balance_explanation": 0.3636062048583332}}, "DLIME": {"0": {"accuracy_global": 0.8234106962663976, "balance_explanation": 3.0142758432841623e-110, "coverage": 5.389263239937243e-05, "balance_data": 0.0, "area_absolute": 2.589477453233665e+139, "coverage_absolute": 1.2283747702788959, "accuracy": 1.0, "balance_model": 0.0, "distance_furthest": 4.161218901374772}, "1": {"balance_model": 0.02068890523520757, "balance_data": 0.9631806657131227, "coverage": 4.655013526885204e-05, "accuracy_global": 0.817136840257974, "area_absolute": 2.589477453233665e+139, "accuracy": 0.9793111038929407,